7blg_rank0.pdb_rank,0.649
7blg_rank1.pdb_rank,0.653
7blg_rank2.pdb_rank,0.647
7blg_rank3.pdb_rank,0.668
7blg_rank4.pdb_rank,0.728
7en5_rank0.pdb_rank,0.299
7en5_rank1.pdb_rank,0.315
7en5_rank2.pdb_rank,0.321
7en5_rank3.pdb_rank,0.304
7en5_rank4.pdb_rank,0.306
7eqr_rank0.pdb_rank,1.331
7eqr_rank1.pdb_rank,1.495
7eqr_rank2.pdb_rank,1.414
7eqr_rank3.pdb_rank,1.301
7eqr_rank4.pdb_rank,1.564
7exj_rank0.pdb_rank,0.568
7exj_rank1.pdb_rank,0.64
7exj_rank2.pdb_rank,0.58
7exj_rank3.pdb_rank,0.722
7exj_rank4.pdb_rank,0.608
7exo_rank0.pdb_rank,0.277
7exo_rank1.pdb_rank,0.303
7exo_rank2.pdb_rank,0.272
7exo_rank3.pdb_rank,0.27
7exo_rank4.pdb_rank,0.289
7f9g_rank0.pdb_rank,1.447
7f9g_rank1.pdb_rank,1.491
7f9g_rank2.pdb_rank,1.636
7f9g_rank3.pdb_rank,1.876
7f9g_rank4.pdb_rank,1.422
7jnf_rank0.pdb_rank,0.593
7jnf_rank1.pdb_rank,0.686
7jnf_rank2.pdb_rank,0.563
7jnf_rank3.pdb_rank,0.555
7jnf_rank4.pdb_rank,0.513
7jwf_rank0.pdb_rank,0.591
7jwf_rank1.pdb_rank,0.603
7jwf_rank2.pdb_rank,0.528
7jwf_rank3.pdb_rank,0.614
7jwf_rank4.pdb_rank,0.648
7lvy_rank0.pdb_rank,0.599
7lvy_rank1.pdb_rank,0.547
7lvy_rank2.pdb_rank,0.505
7lvy_rank3.pdb_rank,0.442
7lvy_rank4.pdb_rank,0.56
7mzs_rank0.pdb_rank,9.54
7mzs_rank1.pdb_rank,11.265
7mzs_rank2.pdb_rank,10.363
7mzs_rank3.pdb_rank,10.737
7mzs_rank4.pdb_rank,10.371
7p8g_rank0.pdb_rank,0.425
7p8g_rank1.pdb_rank,0.363
7p8g_rank2.pdb_rank,0.337
7p8g_rank3.pdb_rank,0.389
7p8g_rank4.pdb_rank,0.367
7pgk_rank0.pdb_rank,10.013
7pgk_rank1.pdb_rank,8.459
7pgk_rank2.pdb_rank,8.561
7pgk_rank3.pdb_rank,10.096
7pgk_rank4.pdb_rank,9.114
7pug_rank0.pdb_rank,1.803
7pug_rank1.pdb_rank,1.535
7pug_rank2.pdb_rank,1.738
7pug_rank3.pdb_rank,1.538
7pug_rank4.pdb_rank,1.442
7rft_rank0.pdb_rank,10.41
7rft_rank1.pdb_rank,6.827
7rft_rank2.pdb_rank,9.889
7rft_rank3.pdb_rank,9.006
7rft_rank4.pdb_rank,7.167
7rpy_rank0.pdb_rank,0.961
7rpy_rank1.pdb_rank,0.619
7rpy_rank2.pdb_rank,1.133
7rpy_rank3.pdb_rank,0.564
7rpy_rank4.pdb_rank,1.151
7toh_rank0.pdb_rank,0.36
7toh_rank1.pdb_rank,0.465
7toh_rank2.pdb_rank,0.412
7toh_rank3.pdb_rank,0.362
7toh_rank4.pdb_rank,0.392
7tvp_rank0.pdb_rank,0.527
7tvp_rank1.pdb_rank,0.573
7tvp_rank2.pdb_rank,0.517
7tvp_rank3.pdb_rank,0.565
7tvp_rank4.pdb_rank,0.603
7vi7_rank0.pdb_rank,0.382
7vi7_rank1.pdb_rank,0.37
7vi7_rank2.pdb_rank,0.411
7vi7_rank3.pdb_rank,0.36
7vi7_rank4.pdb_rank,0.396
7vu1_rank0.pdb_rank,3.312
7vu1_rank1.pdb_rank,3.864
7vu1_rank2.pdb_rank,3.27
7vu1_rank3.pdb_rank,4.062
7vu1_rank4.pdb_rank,3.398
7vwb_rank0.pdb_rank,0.467
7vwb_rank1.pdb_rank,0.579
7vwb_rank2.pdb_rank,0.535
7vwb_rank3.pdb_rank,0.627
7vwb_rank4.pdb_rank,0.52
7w11_rank0.pdb_rank,0.438
7w11_rank1.pdb_rank,0.464
7w11_rank2.pdb_rank,0.531
7w11_rank3.pdb_rank,0.387
7w11_rank4.pdb_rank,0.455
7w18_rank0.pdb_rank,0.904
7w18_rank1.pdb_rank,1.043
7w18_rank2.pdb_rank,0.876
7w18_rank3.pdb_rank,0.783
7w18_rank4.pdb_rank,0.887
7xtn_rank0.pdb_rank,12.168
7xtn_rank1.pdb_rank,0.9
7xtn_rank2.pdb_rank,0.972
7xtn_rank3.pdb_rank,0.748
7xtn_rank4.pdb_rank,1.008
7ywf_rank0.pdb_rank,0.528
7ywf_rank1.pdb_rank,0.523
7ywf_rank2.pdb_rank,0.559
7ywf_rank3.pdb_rank,0.5
7ywf_rank4.pdb_rank,0.502
7zon_rank0.pdb_rank,0.407
7zon_rank1.pdb_rank,0.397
7zon_rank2.pdb_rank,0.387
7zon_rank3.pdb_rank,0.333
7zon_rank4.pdb_rank,0.38
7zoo_rank0.pdb_rank,0.374
7zoo_rank1.pdb_rank,0.346
7zoo_rank2.pdb_rank,0.358
7zoo_rank3.pdb_rank,0.36
7zoo_rank4.pdb_rank,0.302
8ad2_rank0.pdb_rank,0.568
8ad2_rank1.pdb_rank,0.651
8ad2_rank2.pdb_rank,0.653
8ad2_rank3.pdb_rank,0.635
8ad2_rank4.pdb_rank,0.355
8axs_rank0.pdb_rank,4.902
8axs_rank1.pdb_rank,4.896
8axs_rank2.pdb_rank,4.835
8axs_rank3.pdb_rank,5.054
8axs_rank4.pdb_rank,5.213
8bf3_rank0.pdb_rank,0.477
8bf3_rank1.pdb_rank,0.355
8bf3_rank2.pdb_rank,0.405
8bf3_rank3.pdb_rank,0.467
8bf3_rank4.pdb_rank,0.348
8csf_rank0.pdb_rank,0.897
8csf_rank1.pdb_rank,0.886
8csf_rank2.pdb_rank,0.782
8csf_rank3.pdb_rank,0.824
8csf_rank4.pdb_rank,0.868
8d0w_rank0.pdb_rank,0.699
8d0w_rank1.pdb_rank,0.862
8d0w_rank2.pdb_rank,0.71
8d0w_rank3.pdb_rank,0.715
8d0w_rank4.pdb_rank,0.822
8dzd_rank0.pdb_rank,10.937
8dzd_rank1.pdb_rank,10.078
8dzd_rank2.pdb_rank,3.956
8dzd_rank3.pdb_rank,8.532
8dzd_rank4.pdb_rank,6.782
8edi_rank0.pdb_rank,0.445
8edi_rank1.pdb_rank,0.51
8edi_rank2.pdb_rank,0.406
8edi_rank3.pdb_rank,0.472
8edi_rank4.pdb_rank,0.543
8ic1_rank0.pdb_rank,0.559
8ic1_rank1.pdb_rank,0.603
8ic1_rank2.pdb_rank,0.587
8ic1_rank3.pdb_rank,0.611
8ic1_rank4.pdb_rank,0.703
8inp_rank0.pdb_rank,0.676
8inp_rank1.pdb_rank,0.715
8inp_rank2.pdb_rank,0.941
8inp_rank3.pdb_rank,0.88
8inp_rank4.pdb_rank,0.761
8ped_rank0.pdb_rank,0.741
8ped_rank1.pdb_rank,0.67
8ped_rank2.pdb_rank,0.662
8ped_rank3.pdb_rank,0.66
8ped_rank4.pdb_rank,0.621
