PDB,rank,conf
7blg,rank8,-1.28
7blg,rank9,-1.28
7blg,rank10,-1.29
7blg,rank1,-1.21
7blg,rank5,-1.26
7blg,rank4,-1.26
7blg,rank6,-1.27
7blg,rank7,-1.27
7blg,rank2,-1.21
7blg,rank3,-1.26
7en5,rank5,-2.55
7en5,rank3,-2.50
7en5,rank7,-2.79
7en5,rank4,-2.53
7en5,rank10,-4.18
7en5,rank1,-1.65
7en5,rank2,-2.39
7en5,rank9,-3.92
7en5,rank6,-2.76
7en5,rank8,-3.80
7eqr,rank1,-3.65
7eqr,rank3,-3.78
7eqr,rank5,-3.83
7eqr,rank10,-1000.00
7eqr,rank9,-4.06
7eqr,rank8,-4.01
7eqr,rank2,-3.68
7eqr,rank6,-3.90
7eqr,rank7,-3.90
7eqr,rank4,-3.79
7exj,rank9,-3.70
7exj,rank8,-3.64
7exj,rank6,-2.93
7exj,rank2,-2.25
7exj,rank7,-3.45
7exj,rank1,-2.14
7exj,rank10,-3.79
7exj,rank5,-2.76
7exj,rank4,-2.75
7exj,rank3,-2.65
7exo,rank3,-0.80
7exo,rank5,-0.85
7exo,rank6,-0.85
7exo,rank7,-0.85
7exo,rank2,-0.79
7exo,rank1,-0.78
7exo,rank4,-0.81
7exo,rank10,-0.95
7exo,rank8,-0.85
7exo,rank9,-0.85
7f9g,rank4,-1.38
7f9g,rank9,-1.66
7f9g,rank8,-1.65
7f9g,rank10,-1.71
7f9g,rank7,-1.63
7f9g,rank5,-1.40
7f9g,rank6,-1.43
7f9g,rank3,-1.37
7f9g,rank1,-1.20
7f9g,rank2,-1.33
7jnf,rank10,-3.48
7jnf,rank9,-2.85
7jnf,rank8,-2.78
7jnf,rank6,-2.35
7jnf,rank5,-2.27
7jnf,rank3,-2.23
7jnf,rank4,-2.27
7jnf,rank1,-1.72
7jnf,rank2,-2.04
7jnf,rank7,-2.60
7jwf,rank9,-1.99
7jwf,rank1,-1.38
7jwf,rank5,-1.65
7jwf,rank4,-1.62
7jwf,rank6,-1.77
7jwf,rank7,-1.79
7jwf,rank3,-1.44
7jwf,rank2,-1.44
7jwf,rank8,-1.92
7jwf,rank10,-2.00
7lvy-glc,rank7,-2.37
7lvy-glc,rank8,-2.45
7lvy-glc,rank9,-2.69
7lvy-glc,rank5,-2.26
7lvy-glc,rank10,-2.94
7lvy-glc,rank1,-1.42
7lvy-glc,rank6,-2.28
7lvy-glc,rank4,-2.07
7lvy-glc,rank3,-1.90
7lvy-glc,rank2,-1.45
7lvy-udp,rank7,-0.78
7lvy-udp,rank2,-0.69
7lvy-udp,rank10,-0.92
7lvy-udp,rank8,-0.78
7lvy-udp,rank9,-0.79
7lvy-udp,rank4,-0.73
7lvy-udp,rank3,-0.70
7lvy-udp,rank5,-0.74
7lvy-udp,rank6,-0.77
7lvy-udp,rank1,-0.66
7mzs,rank9,-3.64
7mzs,rank7,-2.51
7mzs,rank3,-1.76
7mzs,rank10,-4.25
7mzs,rank2,-1.73
7mzs,rank6,-2.32
7mzs,rank8,-2.81
7mzs,rank5,-2.19
7mzs,rank4,-2.04
7mzs,rank1,-1.30
7p8g,rank10,-2.37
7p8g,rank1,-1.38
7p8g,rank2,-1.49
7p8g,rank6,-1.74
7p8g,rank3,-1.59
7p8g,rank4,-1.61
7p8g,rank5,-1.68
7p8g,rank7,-1.80
7p8g,rank8,-1.82
7p8g,rank9,-1.82
7pgk,rank5,-3.62
7pgk,rank6,-3.81
7pgk,rank1,-3.46
7pgk,rank10,-4.11
7pgk,rank7,-3.82
7pgk,rank4,-3.57
7pgk,rank9,-4.00
7pgk,rank3,-3.55
7pgk,rank2,-3.55
7pgk,rank8,-3.97
7pug,rank10,-3.58
7pug,rank5,-2.87
7pug,rank6,-3.07
7pug,rank3,-2.42
7pug,rank1,-2.26
7pug,rank2,-2.38
7pug,rank4,-2.77
7pug,rank9,-3.50
7pug,rank8,-3.46
7pug,rank7,-3.30
7rft,rank4,-1.99
7rft,rank6,-2.09
7rft,rank10,-2.44
7rft,rank7,-2.18
7rft,rank9,-2.43
7rft,rank2,-1.82
7rft,rank1,-1.80
7rft,rank5,-2.06
7rft,rank3,-1.86
7rft,rank8,-2.29
7rpy,rank3,-2.46
7rpy,rank4,-2.56
7rpy,rank2,-2.43
7rpy,rank10,-2.87
7rpy,rank8,-2.68
7rpy,rank1,-2.35
7rpy,rank9,-2.71
7rpy,rank5,-2.58
7rpy,rank6,-2.58
7rpy,rank7,-2.59
7toh,rank10,-4.52
7toh,rank3,-1.39
7toh,rank7,-3.05
7toh,rank4,-1.53
7toh,rank9,-4.28
7toh,rank5,-2.39
7toh,rank6,-2.89
7toh,rank1,-1.27
7toh,rank8,-3.80
7toh,rank2,-1.33
7tvp,rank10,-3.64
7tvp,rank3,-3.38
7tvp,rank4,-3.39
7tvp,rank9,-3.63
7tvp,rank1,-2.81
7tvp,rank8,-3.48
7tvp,rank2,-3.17
7tvp,rank6,-3.42
7tvp,rank5,-3.41
7tvp,rank7,-3.45
7vi7,rank3,-0.40
7vi7,rank6,-0.43
7vi7,rank5,-0.41
7vi7,rank4,-0.41
7vi7,rank7,-0.43
7vi7,rank1,-0.37
7vi7,rank8,-0.44
7vi7,rank9,-0.45
7vi7,rank10,-0.49
7vi7,rank2,-0.38
7vu1,rank8,-3.65
7vu1,rank1,-2.90
7vu1,rank7,-3.54
7vu1,rank4,-3.46
7vu1,rank6,-3.52
7vu1,rank5,-3.50
7vu1,rank2,-3.31
7vu1,rank10,-3.91
7vu1,rank3,-3.35
7vu1,rank9,-3.69
7vwb,rank3,-3.12
7vwb,rank5,-3.39
7vwb,rank2,-2.68
7vwb,rank10,-4.82
7vwb,rank8,-4.06
7vwb,rank6,-3.87
7vwb,rank1,-2.28
7vwb,rank9,-4.14
7vwb,rank7,-3.93
7vwb,rank4,-3.36
7w11-glc,rank10,-3.58
7w11-glc,rank5,-2.43
7w11-glc,rank2,-1.14
7w11-glc,rank1,-1.11
7w11-glc,rank7,-2.78
7w11-glc,rank9,-2.92
7w11-glc,rank8,-2.87
7w11-glc,rank3,-1.41
7w11-glc,rank4,-1.90
7w11-glc,rank6,-2.60
7w11-udp,rank8,-0.27
7w11-udp,rank10,-0.31
7w11-udp,rank7,-0.24
7w11-udp,rank1,-0.09
7w11-udp,rank6,-0.22
7w11-udp,rank4,-0.16
7w11-udp,rank2,-0.12
7w11-udp,rank5,-0.16
7w11-udp,rank3,-0.12
7w11-udp,rank9,-0.29
7w18,rank10,-4.42
7w18,rank2,-3.65
7w18,rank9,-4.20
7w18,rank8,-4.14
7w18,rank1,-3.41
7w18,rank6,-3.79
7w18,rank5,-3.79
7w18,rank3,-3.68
7w18,rank4,-3.79
7w18,rank7,-4.12
7xtn,rank8,-3.64
7xtn,rank9,-3.65
7xtn,rank1,-3.13
7xtn,rank10,-3.74
7xtn,rank7,-3.57
7xtn,rank4,-3.42
7xtn,rank5,-3.43
7xtn,rank6,-3.51
7xtn,rank3,-3.30
7xtn,rank2,-3.22
7ywf,rank5,-2.40
7ywf,rank6,-2.45
7ywf,rank9,-2.86
7ywf,rank8,-2.78
7ywf,rank1,-1.75
7ywf,rank10,-2.97
7ywf,rank4,-2.25
7ywf,rank3,-2.09
7ywf,rank2,-2.02
7ywf,rank7,-2.49
7zoo,rank7,-4.34
7zoo,rank10,-5.02
7zoo,rank9,-4.83
7zoo,rank1,-3.64
7zoo,rank2,-3.75
7zoo,rank3,-3.81
7zoo,rank4,-3.87
7zoo,rank6,-4.29
7zoo,rank8,-4.67
7zoo,rank5,-4.14
8ad2,rank10,-4.44
8ad2,rank9,-3.98
8ad2,rank5,-3.71
8ad2,rank4,-3.70
8ad2,rank3,-3.49
8ad2,rank6,-3.80
8ad2,rank2,-3.40
8ad2,rank7,-3.84
8ad2,rank8,-3.87
8ad2,rank1,-3.36
8axs,rank3,-0.43
8axs,rank1,-0.40
8axs,rank2,-0.42
8axs,rank5,-0.46
8axs,rank4,-0.45
8axs,rank6,-0.53
8axs,rank7,-0.55
8axs,rank9,-0.57
8axs,rank8,-0.55
8axs,rank10,-1.22
8bf3,rank6,-2.46
8bf3,rank5,-2.45
8bf3,rank7,-2.78
8bf3,rank3,-1.62
8bf3,rank8,-2.82
8bf3,rank10,-3.33
8bf3,rank2,-1.57
8bf3,rank4,-1.94
8bf3,rank9,-3.23
8bf3,rank1,-1.30
8csf-cmp,rank7,-0.87
8csf-cmp,rank5,-0.85
8csf-cmp,rank4,-0.84
8csf-cmp,rank6,-0.85
8csf-cmp,rank2,-0.82
8csf-cmp,rank3,-0.82
8csf-cmp,rank1,-0.79
8csf-cmp,rank10,-0.93
8csf-cmp,rank8,-0.87
8csf-cmp,rank9,-0.91
8csf-kdo,rank10,-3.60
8csf-kdo,rank5,-2.33
8csf-kdo,rank8,-3.14
8csf-kdo,rank1,-1.64
8csf-kdo,rank4,-2.29
8csf-kdo,rank2,-1.80
8csf-kdo,rank3,-1.87
8csf-kdo,rank6,-2.48
8csf-kdo,rank9,-3.52
8csf-kdo,rank7,-2.65
8csf-rha,rank9,-3.58
8csf-rha,rank6,-3.14
8csf-rha,rank5,-3.14
8csf-rha,rank1,-1.07
8csf-rha,rank3,-2.43
8csf-rha,rank2,-2.39
8csf-rha,rank10,-4.05
8csf-rha,rank8,-3.53
8csf-rha,rank4,-2.48
8csf-rha,rank7,-3.27
8d0r-fuc,rank10,-4.81
8d0r-fuc,rank1,-3.16
8d0r-fuc,rank9,-4.54
8d0r-fuc,rank5,-3.77
8d0r-fuc,rank6,-3.95
8d0r-fuc,rank4,-3.56
8d0r-fuc,rank7,-4.01
8d0r-fuc,rank3,-3.26
8d0r-fuc,rank2,-3.19
8d0r-fuc,rank8,-4.49
8d0r-gdp,rank2,-1.15
8d0r-gdp,rank4,-2.35
8d0r-gdp,rank8,-4.09
8d0r-gdp,rank9,-4.21
8d0r-gdp,rank3,-1.55
8d0r-gdp,rank6,-3.50
8d0r-gdp,rank10,-4.29
8d0r-gdp,rank7,-3.93
8d0r-gdp,rank1,-1.09
8d0r-gdp,rank5,-3.37
8dzd,rank1,-2.92
8dzd,rank2,-3.13
8dzd,rank8,-3.73
8dzd,rank4,-3.38
8dzd,rank6,-3.61
8dzd,rank10,-4.11
8dzd,rank7,-3.69
8dzd,rank9,-4.01
8dzd,rank5,-3.46
8dzd,rank3,-3.26
8edi,rank4,-3.17
8edi,rank2,-3.15
8edi,rank1,-3.02
8edi,rank9,-3.48
8edi,rank3,-3.16
8edi,rank10,-5.65
8edi,rank8,-3.47
8edi,rank7,-3.36
8edi,rank6,-3.32
8edi,rank5,-3.24
8ic1,rank4,-3.13
8ic1,rank10,-1000.00
8ic1,rank1,-2.29
8ic1,rank7,-3.52
8ic1,rank6,-3.47
8ic1,rank8,-3.79
8ic1,rank9,-3.85
8ic1,rank5,-3.25
8ic1,rank3,-3.08
8ic1,rank2,-2.77
8inp-glc,rank2,-1.04
8inp-glc,rank1,-0.91
8inp-glc,rank7,-1.60
8inp-glc,rank9,-2.76
8inp-glc,rank8,-1.83
8inp-glc,rank3,-1.08
8inp-glc,rank5,-1.24
8inp-glc,rank4,-1.20
8inp-glc,rank10,-3.40
8inp-glc,rank6,-1.34
8inp-udp,rank9,-0.21
8inp-udp,rank10,-0.23
8inp-udp,rank8,-0.18
8inp-udp,rank3,-0.14
8inp-udp,rank6,-0.15
8inp-udp,rank1,-0.11
8inp-udp,rank7,-0.15
8inp-udp,rank4,-0.15
8inp-udp,rank2,-0.11
8inp-udp,rank5,-0.15
8ped,rank1,-3.13
8ped,rank9,-3.74
8ped,rank7,-3.65
8ped,rank5,-3.54
8ped,rank6,-3.56
8ped,rank4,-3.42
8ped,rank10,-3.91
8ped,rank2,-3.35
8ped,rank3,-3.36
8ped,rank8,-3.68
