7BLG_rank0.pdb_rank,0.999
7BLG_rank1.pdb_rank,1.099
7BLG_rank2.pdb_rank,1.176
7BLG_rank3.pdb_rank,1.072
7BLG_rank4.pdb_rank,0.954
7en5_rank0.pdb_rank,0.463
7en5_rank1.pdb_rank,0.492
7en5_rank2.pdb_rank,0.477
7en5_rank3.pdb_rank,0.503
7en5_rank4.pdb_rank,0.493
7eqr_rank0.pdb_rank,0.848
7eqr_rank1.pdb_rank,1.199
7eqr_rank2.pdb_rank,0.986
7eqr_rank3.pdb_rank,1.242
7eqr_rank4.pdb_rank,1.145
7exj_rank0.pdb_rank,0.588
7exj_rank1.pdb_rank,0.621
7exj_rank2.pdb_rank,0.671
7exj_rank3.pdb_rank,0.817
7exj_rank4.pdb_rank,0.638
7exo_rank0.pdb_rank,0.42
7exo_rank1.pdb_rank,0.428
7exo_rank2.pdb_rank,0.437
7exo_rank3.pdb_rank,0.484
7exo_rank4.pdb_rank,0.436
7f9g_rank0.pdb_rank,0.62
7f9g_rank1.pdb_rank,0.664
7f9g_rank2.pdb_rank,0.705
7f9g_rank3.pdb_rank,0.935
7f9g_rank4.pdb_rank,0.898
7jnf_rank0.pdb_rank,0.42
7jnf_rank1.pdb_rank,0.434
7jnf_rank2.pdb_rank,1.09
7jnf_rank3.pdb_rank,0.704
7jnf_rank4.pdb_rank,0.865
7jwf_rank0.pdb_rank,0.526
7jwf_rank1.pdb_rank,0.54
7jwf_rank2.pdb_rank,0.57
7jwf_rank3.pdb_rank,0.826
7jwf_rank4.pdb_rank,0.871
7lvy_rank0.pdb_rank,0.783
7lvy_rank1.pdb_rank,0.833
7lvy_rank2.pdb_rank,0.742
7lvy_rank3.pdb_rank,0.747
7lvy_rank4.pdb_rank,0.721
7mzs_rank0.pdb_rank,0.434
7mzs_rank1.pdb_rank,0.449
7mzs_rank2.pdb_rank,1.428
7mzs_rank3.pdb_rank,1.179
7mzs_rank4.pdb_rank,1.705
7p8g_rank0.pdb_rank,0.566
7p8g_rank1.pdb_rank,0.54
7p8g_rank2.pdb_rank,0.575
7p8g_rank3.pdb_rank,0.616
7p8g_rank4.pdb_rank,0.643
7pgk_rank0.pdb_rank,1.823
7pgk_rank1.pdb_rank,1.753
7pgk_rank2.pdb_rank,1.895
7pgk_rank3.pdb_rank,1.927
7pgk_rank4.pdb_rank,1.996
7pug_rank0.pdb_rank,0.851
7pug_rank1.pdb_rank,1.322
7pug_rank2.pdb_rank,1.098
7pug_rank3.pdb_rank,0.947
7pug_rank4.pdb_rank,1.169
7rft_rank0.pdb_rank,1.053
7rft_rank1.pdb_rank,0.913
7rft_rank2.pdb_rank,0.981
7rft_rank3.pdb_rank,1.231
7rft_rank4.pdb_rank,1.452
7rpy_rank0.pdb_rank,2.663
7rpy_rank1.pdb_rank,7.146
7rpy_rank2.pdb_rank,3.819
7rpy_rank3.pdb_rank,5.718
7rpy_rank4.pdb_rank,11.219
7toh_rank0.pdb_rank,0.561
7toh_rank1.pdb_rank,0.535
7toh_rank2.pdb_rank,0.499
7toh_rank3.pdb_rank,0.509
7toh_rank4.pdb_rank,0.552
7tvp_rank0.pdb_rank,0.633
7tvp_rank1.pdb_rank,0.624
7tvp_rank2.pdb_rank,0.67
7tvp_rank3.pdb_rank,0.684
7tvp_rank4.pdb_rank,0.68
7vi7_rank0.pdb_rank,0.448
7vi7_rank1.pdb_rank,0.448
7vi7_rank2.pdb_rank,0.416
7vi7_rank3.pdb_rank,0.444
7vi7_rank4.pdb_rank,0.413
7vu1_rank0.pdb_rank,1.179
7vu1_rank1.pdb_rank,1.254
7vu1_rank2.pdb_rank,1.271
7vu1_rank3.pdb_rank,1.306
7vu1_rank4.pdb_rank,1.401
7vwb_rank0.pdb_rank,0.714
7vwb_rank1.pdb_rank,0.715
7vwb_rank2.pdb_rank,0.721
7vwb_rank3.pdb_rank,0.69
7vwb_rank4.pdb_rank,0.738
7w11_rank0.pdb_rank,0.62
7w11_rank1.pdb_rank,0.68
7w11_rank2.pdb_rank,0.695
7w11_rank3.pdb_rank,0.694
7w11_rank4.pdb_rank,0.719
7w18_rank0.pdb_rank,1.21
7w18_rank1.pdb_rank,1.287
7w18_rank2.pdb_rank,1.289
7w18_rank3.pdb_rank,1.428
7w18_rank4.pdb_rank,1.288
7xtn_rank0.pdb_rank,0.729
7xtn_rank1.pdb_rank,0.652
7xtn_rank2.pdb_rank,0.598
7xtn_rank3.pdb_rank,0.702
7xtn_rank4.pdb_rank,0.631
7ywf_rank0.pdb_rank,0.739
7ywf_rank1.pdb_rank,0.755
7ywf_rank2.pdb_rank,0.682
7ywf_rank3.pdb_rank,0.808
7ywf_rank4.pdb_rank,0.763
7zon_rank0.pdb_rank,0.559
7zon_rank1.pdb_rank,0.498
7zon_rank2.pdb_rank,0.479
7zon_rank3.pdb_rank,0.528
7zon_rank4.pdb_rank,0.546
7zoo_rank0.pdb_rank,0.487
7zoo_rank1.pdb_rank,0.493
7zoo_rank2.pdb_rank,0.526
7zoo_rank3.pdb_rank,0.526
7zoo_rank4.pdb_rank,0.551
8ad2_rank0.pdb_rank,0.776
8ad2_rank1.pdb_rank,0.735
8ad2_rank2.pdb_rank,0.732
8ad2_rank3.pdb_rank,0.727
8ad2_rank4.pdb_rank,0.821
8axs_rank0.pdb_rank,3.638
8axs_rank1.pdb_rank,3.447
8axs_rank2.pdb_rank,3.011
8axs_rank3.pdb_rank,3.559
8axs_rank4.pdb_rank,3.473
8bf3_rank0.pdb_rank,0.413
8bf3_rank1.pdb_rank,0.602
8bf3_rank2.pdb_rank,0.595
8bf3_rank3.pdb_rank,0.571
8bf3_rank4.pdb_rank,0.552
8csf_rank0.pdb_rank,0.455
8csf_rank1.pdb_rank,0.448
8csf_rank2.pdb_rank,0.738
8csf_rank3.pdb_rank,1.278
8csf_rank4.pdb_rank,0.7
8d0r_rank0.pdb_rank,0.73
8d0r_rank1.pdb_rank,0.962
8d0r_rank2.pdb_rank,0.933
8d0r_rank3.pdb_rank,0.935
8d0r_rank4.pdb_rank,0.887
8dzd_rank0.pdb_rank,1.231
8dzd_rank1.pdb_rank,1.116
8dzd_rank2.pdb_rank,1.175
8dzd_rank3.pdb_rank,1.089
8dzd_rank4.pdb_rank,1.325
8edi_rank0.pdb_rank,0.656
8edi_rank1.pdb_rank,0.652
8edi_rank2.pdb_rank,0.582
8edi_rank3.pdb_rank,0.618
8edi_rank4.pdb_rank,0.556
8ic1_rank0.pdb_rank,1.061
8ic1_rank1.pdb_rank,1.021
8ic1_rank2.pdb_rank,0.954
8ic1_rank3.pdb_rank,0.946
8ic1_rank4.pdb_rank,1.524
8inp_rank0.pdb_rank,0.956
8inp_rank1.pdb_rank,0.823
8inp_rank2.pdb_rank,0.886
8inp_rank3.pdb_rank,0.957
8inp_rank4.pdb_rank,0.912
8ped_rank0.pdb_rank,0.627
8ped_rank1.pdb_rank,0.596
8ped_rank2.pdb_rank,0.564
8ped_rank3.pdb_rank,0.524
8ped_rank4.pdb_rank,0.584
