7BLG_rank0.pdb_rank,0.308
7BLG_rank1.pdb_rank,0.332
7BLG_rank2.pdb_rank,0.33
7BLG_rank3.pdb_rank,0.347
7BLG_rank4.pdb_rank,0.313
7en5_rank0.pdb_rank,0.306
7en5_rank1.pdb_rank,0.287
7en5_rank2.pdb_rank,0.267
7en5_rank3.pdb_rank,0.253
7en5_rank4.pdb_rank,0.29
7eqr_rank0.pdb_rank,0.711
7eqr_rank1.pdb_rank,0.758
7eqr_rank2.pdb_rank,0.725
7eqr_rank3.pdb_rank,0.735
7eqr_rank4.pdb_rank,0.678
7exj_rank0.pdb_rank,0.329
7exj_rank1.pdb_rank,0.347
7exj_rank2.pdb_rank,0.36
7exj_rank3.pdb_rank,0.375
7exj_rank4.pdb_rank,0.355
7exo_rank0.pdb_rank,0.276
7exo_rank1.pdb_rank,0.284
7exo_rank2.pdb_rank,0.278
7exo_rank3.pdb_rank,0.293
7exo_rank4.pdb_rank,0.265
7f9g_rank0.pdb_rank,0.531
7f9g_rank1.pdb_rank,0.526
7f9g_rank2.pdb_rank,0.492
7f9g_rank3.pdb_rank,0.527
7f9g_rank4.pdb_rank,0.524
7jnf_rank0.pdb_rank,0.303
7jnf_rank1.pdb_rank,0.276
7jnf_rank2.pdb_rank,0.339
7jnf_rank3.pdb_rank,0.34
7jnf_rank4.pdb_rank,0.316
7jwf_rank0.pdb_rank,0.518
7jwf_rank1.pdb_rank,0.51
7jwf_rank2.pdb_rank,0.566
7jwf_rank3.pdb_rank,0.574
7jwf_rank4.pdb_rank,0.548
7lvy_rank0.pdb_rank,0.432
7lvy_rank1.pdb_rank,0.412
7lvy_rank2.pdb_rank,0.393
7lvy_rank3.pdb_rank,0.404
7lvy_rank4.pdb_rank,0.401
7mzs_rank0.pdb_rank,1.004
7mzs_rank1.pdb_rank,1.124
7mzs_rank2.pdb_rank,1.084
7mzs_rank3.pdb_rank,1.314
7mzs_rank4.pdb_rank,1.067
7p8g_rank0.pdb_rank,0.374
7p8g_rank1.pdb_rank,0.398
7p8g_rank2.pdb_rank,0.416
7p8g_rank3.pdb_rank,0.465
7p8g_rank4.pdb_rank,0.387
7pgk_rank0.pdb_rank,2.343
7pgk_rank1.pdb_rank,2.875
7pgk_rank2.pdb_rank,2.623
7pgk_rank3.pdb_rank,2.615
7pgk_rank4.pdb_rank,2.438
7pug_rank0.pdb_rank,0.626
7pug_rank1.pdb_rank,0.579
7pug_rank2.pdb_rank,0.667
7pug_rank3.pdb_rank,0.656
7pug_rank4.pdb_rank,0.696
7rft_rank0.pdb_rank,0.579
7rft_rank1.pdb_rank,0.562
7rft_rank2.pdb_rank,0.588
7rft_rank3.pdb_rank,0.492
7rft_rank4.pdb_rank,0.653
7rpy_rank0.pdb_rank,0.582
7rpy_rank1.pdb_rank,0.392
7rpy_rank2.pdb_rank,0.566
7rpy_rank3.pdb_rank,0.372
7rpy_rank4.pdb_rank,0.527
7toh_rank0.pdb_rank,0.379
7toh_rank1.pdb_rank,0.373
7toh_rank2.pdb_rank,0.365
7toh_rank3.pdb_rank,0.386
7toh_rank4.pdb_rank,0.386
7tvp_rank0.pdb_rank,0.471
7tvp_rank1.pdb_rank,0.418
7tvp_rank2.pdb_rank,0.417
7tvp_rank3.pdb_rank,0.39
7tvp_rank4.pdb_rank,0.378
7vi7_rank0.pdb_rank,0.353
7vi7_rank1.pdb_rank,0.35
7vi7_rank2.pdb_rank,0.38
7vi7_rank3.pdb_rank,0.349
7vi7_rank4.pdb_rank,0.352
7vu1_rank0.pdb_rank,0.416
7vu1_rank1.pdb_rank,0.416
7vu1_rank2.pdb_rank,0.45
7vu1_rank3.pdb_rank,0.412
7vu1_rank4.pdb_rank,0.429
7vwb_rank0.pdb_rank,0.515
7vwb_rank1.pdb_rank,0.581
7vwb_rank2.pdb_rank,0.587
7vwb_rank3.pdb_rank,0.568
7vwb_rank4.pdb_rank,0.545
7w11_rank0.pdb_rank,0.396
7w11_rank1.pdb_rank,0.391
7w11_rank2.pdb_rank,0.475
7w11_rank3.pdb_rank,0.365
7w11_rank4.pdb_rank,0.382
7w18_rank0.pdb_rank,0.46
7w18_rank1.pdb_rank,0.444
7w18_rank2.pdb_rank,0.482
7w18_rank3.pdb_rank,0.496
7w18_rank4.pdb_rank,0.487
7xtn_rank0.pdb_rank,0.537
7xtn_rank1.pdb_rank,0.552
7xtn_rank2.pdb_rank,0.48
7xtn_rank3.pdb_rank,0.473
7xtn_rank4.pdb_rank,0.471
7ywf_rank0.pdb_rank,0.466
7ywf_rank1.pdb_rank,0.505
7ywf_rank2.pdb_rank,0.524
7ywf_rank3.pdb_rank,0.5
7ywf_rank4.pdb_rank,0.488
7zon_rank0.pdb_rank,0.359
7zon_rank1.pdb_rank,0.359
7zon_rank2.pdb_rank,0.346
7zon_rank3.pdb_rank,0.386
7zon_rank4.pdb_rank,0.343
7zoo_rank0.pdb_rank,0.33
7zoo_rank1.pdb_rank,0.34
7zoo_rank2.pdb_rank,0.367
7zoo_rank3.pdb_rank,0.369
7zoo_rank4.pdb_rank,0.348
8ad2_rank0.pdb_rank,0.503
8ad2_rank1.pdb_rank,0.481
8ad2_rank2.pdb_rank,0.483
8ad2_rank3.pdb_rank,0.503
8ad2_rank4.pdb_rank,0.533
8axs_rank0.pdb_rank,0.887
8axs_rank1.pdb_rank,0.865
8axs_rank2.pdb_rank,0.821
8axs_rank3.pdb_rank,0.837
8axs_rank4.pdb_rank,0.853
8bf3_rank0.pdb_rank,0.415
8bf3_rank1.pdb_rank,0.411
8bf3_rank2.pdb_rank,0.429
8bf3_rank3.pdb_rank,0.495
8bf3_rank4.pdb_rank,0.38
8csf_rank0.pdb_rank,0.506
8csf_rank1.pdb_rank,0.519
8csf_rank2.pdb_rank,0.448
8csf_rank3.pdb_rank,0.537
8csf_rank4.pdb_rank,0.485
8d0r_rank0.pdb_rank,0.493
8d0r_rank1.pdb_rank,0.416
8d0r_rank2.pdb_rank,0.429
8d0r_rank3.pdb_rank,0.475
8d0r_rank4.pdb_rank,0.471
8dzd_rank0.pdb_rank,0.344
8dzd_rank1.pdb_rank,0.362
8dzd_rank2.pdb_rank,0.38
8dzd_rank3.pdb_rank,0.376
8dzd_rank4.pdb_rank,0.359
8edi_rank0.pdb_rank,0.499
8edi_rank1.pdb_rank,0.419
8edi_rank2.pdb_rank,0.413
8edi_rank3.pdb_rank,0.429
8edi_rank4.pdb_rank,0.356
8ic1_rank0.pdb_rank,0.473
8ic1_rank1.pdb_rank,0.476
8ic1_rank2.pdb_rank,0.477
8ic1_rank3.pdb_rank,0.452
8ic1_rank4.pdb_rank,0.477
8inp_rank0.pdb_rank,0.673
8inp_rank1.pdb_rank,0.605
8inp_rank2.pdb_rank,0.667
8inp_rank3.pdb_rank,0.648
8inp_rank4.pdb_rank,0.626
8ped_rank0.pdb_rank,0.65
8ped_rank1.pdb_rank,0.7
8ped_rank2.pdb_rank,0.616
8ped_rank3.pdb_rank,0.57
8ped_rank4.pdb_rank,0.585
